<?xml version="1.0" encoding="utf-8" standalone="yes"?>
<!--XML document using elements -->
<clients>
  <client>
    <cl_id>8243</cl_id>
    <cl_name>Johnson</cl_name>
    <pets>
      <animal>
        <an_id>"136"</an_id>
        <an_type>bird</an_type>
        <an_name>ShowBoat</an_name>
        <an_price>75</an_price>
        <an_dob>2000-01-15</an_dob>
      </animal>
      <animal>
        <an_id>"137"</an_id>
        <an_type>bird</an_type>
        <an_name>Mr. Peanut</an_name>
        <an_price>150</an_price>
        <an_dob>2008-01-12</an_dob>
      </animal>
    </pets>
  </client>
  <client>
    <cl_id>3908</cl_id>
    <cl_name>Nelson</cl_name>
    <pets>
      <animal>
        <an_id>"1201"</an_id>
        <an_type>cat</an_type>
        <an_name>Ursula</an_name>
        <an_price>500</an_price>
        <an_dob>2007-12-15</an_dob>
      </animal>
    </pets>
  </client>
  <client>
    <cl_id>3775</cl_id>
    <cl_name>Miller</cl_name>
    <pets/>
  </client>
</clients>
